insert into `virtual-wallet`.roles (role_id, name) value (1,'User');
insert into `virtual-wallet`.roles (role_id, name) value (2,'Administrator');

insert into wallets (wallet_id, balance) values (1, 360275.11);
insert into wallets (wallet_id, balance) values (2, 406619.93);
insert into wallets (wallet_id, balance) values (3, 174871.78);
insert into wallets (wallet_id, balance) values (4, 485285.72);
insert into wallets (wallet_id, balance) values (5, 480623.79);
insert into wallets (wallet_id, balance) values (6, 203206.29);
insert into wallets (wallet_id, balance) values (7, 207989.52);
insert into wallets (wallet_id, balance) values (8, 90697.54);
insert into wallets (wallet_id, balance) values (9, 176679.07);
insert into wallets (wallet_id, balance) values (10, 189872.03);
insert into wallets (wallet_id, balance) values (11, 169613.80);
insert into wallets (wallet_id, balance) values (12, 461749.42);
insert into wallets (wallet_id, balance) values (13, 370383.79);
insert into wallets (wallet_id, balance) values (14, 109437.55);
insert into wallets (wallet_id, balance) values (15, 470187.90);
insert into wallets (wallet_id, balance) values (16, 290719.85);
insert into wallets (wallet_id, balance) values (17, 30894.82);
insert into wallets (wallet_id, balance) values (18, 419316.12);
insert into wallets (wallet_id, balance) values (19, 83427.74);
insert into wallets (wallet_id, balance) values (20, 155081.10);
insert into wallets (wallet_id, balance) values (21, 403326.63);
insert into wallets (wallet_id, balance) values (22, 351056.78);
insert into wallets (wallet_id, balance) values (23, 155786.76);
insert into wallets (wallet_id, balance) values (24, 88532.79);
insert into wallets (wallet_id, balance) values (25, 60612.93);
insert into wallets (wallet_id, balance) values (26, 451669.80);
insert into wallets (wallet_id, balance) values (27, 470453.03);
insert into wallets (wallet_id, balance) values (28, 140322.36);
insert into wallets (wallet_id, balance) values (29, 104403.75);
insert into wallets (wallet_id, balance) values (30, 358866.17);

insert into users (user_id, is_active, email, phone_number, password, wallet_id, username, blocked) values (1, true, 'lantrim0@princeton.edu', '8346492204', 'YAwh2ehCY8p@', 1, 'blanger0', true);
insert into users (user_id, is_active, email, phone_number, password, wallet_id, username, blocked) values (2, true, 'rivimy1@dagondesign.com', '6351835708', 'Lhm2m1FIf@', 2, 'nwasbrough1', true);
insert into users (user_id, is_active, email, phone_number, password, wallet_id, username, blocked) values (3, true, 'kmee2@smugmug.com', '3078121648', 'xOI8Dd0BnP@', 3, 'brubbens2', false);
insert into users (user_id, is_active, email, phone_number, password, wallet_id, username, blocked) values (4, false, 'kmockler3@vimeo.com', '6751871630', 'rBAC30u2pDq4@', 4, 'rgabites3', true);
insert into users (user_id, is_active, email, phone_number, password, wallet_id, username, blocked) values (5, true, 'bdegliabbati4@hud.gov', '8024079870', 'CpgC1wt98FB@', 5, 'tpiercy4', true);
insert into users (user_id, is_active, email, phone_number, password, wallet_id, username, blocked) values (6, true, 'aspurnier5@ox.ac.uk', '9175576303', 'VgTg2SZIDnv@', 6, 'egallant5', false);
insert into users (user_id, is_active, email, phone_number, password, wallet_id, username, blocked) values (7, false, 'ccain6@bloomberg.com', '7949862172', 'tL1t4kd8VnX@', 7, 'fmcneil6', false);
insert into users (user_id, is_active, email, phone_number, password, wallet_id, username, blocked) values (8, true, 'lseamarke7@csmonitor.com', '3561551833', 'yf5gEmh4oc@', 8, 'wbetonia7', false);
insert into users (user_id, is_active, email, phone_number, password, wallet_id, username, blocked) values (9, true, 'broebuck8@so-net.ne.jp', '3616157435', 'DUGd2CxxgAsI@', 9, 'twickerson8', false);
insert into users (user_id, is_active, email, phone_number, password, wallet_id, username, blocked) values (10, true, 'aroblett9@sciencedirect.com', '3826506122', 'Sz4WPXDgtG@', 10, 'sclowney9', false);
insert into users (user_id, is_active, email, phone_number, password, wallet_id, username, blocked) values (11, true, 'rweetcha@acquirethisname.com', '4071802765', 'X8VdGmLT@', 11, 'sbindona', false);
insert into users (user_id, is_active, email, phone_number, password, wallet_id, username, blocked) values (12, true, 'ccookmanb@miibeian.gov.cn', '8613855868', 'T6brV2TeKe@', 12, 'edalrympleb', false);
insert into users (user_id, is_active, email, phone_number, password, wallet_id, username, blocked) values (13, true, 'cpetrishchevc@china.com.cn', '8453289575', '12Cu4Twaa@', 13, 'ndukec', false);
insert into users (user_id, is_active, email, phone_number, password, wallet_id, username, blocked) values (14, true, 'rarchambaultd@php.net', '6007488508', '3SX8ufh4lTCQ@', 14, 'tglanfieldd', true);
insert into users (user_id, is_active, email, phone_number, password, wallet_id, username, blocked) values (15, true, 'lelleringtone@upenn.edu', '6795664485', 'lK2zq4IS0EBf@', 15, 'cguillarde', false);
insert into users (user_id, is_active, email, phone_number, password, wallet_id, username, blocked) values (16, true, 'cpilmoorf@mediafire.com', '6831558066', 'kjF2JFNuPTT@', 16, 'mcheethamf', false);
insert into users (user_id, is_active, email, phone_number, password, wallet_id, username, blocked) values (17, true, 'ryannonig@vk.com', '1158864798', 'yKBjJ1mm4nYZ@', 17, 'cyeatesg', true);
insert into users (user_id, is_active, email, phone_number, password, wallet_id, username, blocked) values (18, true, 'janfonsih@uol.com.br', '4341014289', 'ce4FSvM2@', 18, 'rcorneliush', false);
insert into users (user_id, is_active, email, phone_number, password, wallet_id, username, blocked) values (19, true, 'aahmedi@discuz.net', '9804168820', 'xJX4Jw0Y1@', 19, 'ldavidovici', false);
insert into users (user_id, is_active, email, phone_number, password, wallet_id, username, blocked) values (20, false, 'vmcintoshj@hp.com', '6678211568', 'D3YG2fTq6nD@', 20, 'bnorvalj', true);
insert into users (user_id, is_active, email, phone_number, password, wallet_id, username, blocked) values (21, true, 'dbradburnek@mac.com', '3937995471', 'aopU5elk4t@', 21, 'ocolnettk', true);
insert into users (user_id, is_active, email, phone_number, password, wallet_id, username, blocked) values (22, false, 'tkitmanl@miitbeian.gov.cn', '4744579472', 'w12iCdKaa@', 22, 'cjossuml', false);
insert into users (user_id, is_active, email, phone_number, password, wallet_id, username, blocked) values (23, true, 'blocksm@omniture.com', '6881803988', 'Lh8Q3K4ypb@', 23, 'dridholem', false);
insert into users (user_id, is_active, email, phone_number, password, wallet_id, username, blocked) values (24, true, 'bbuttrissn@yolasite.com', '5399158976', 'eVfR2yaKGFh70@', 24, 'klenoiren', false);
insert into users (user_id, is_active, email, phone_number, password, wallet_id, username, blocked) values (25, false, 'bmcgallo@purevolume.com', '5479185313', 'FRXf2ywcIa@123', 25, 'rspeddingo', true);
insert into users (user_id, is_active, email, phone_number, password, wallet_id, username, blocked) values (26, true, 'lwalklatep@purevolume.com', '5402246202', '0MLI2Ea0@aa', 26, 'aglosterp', false);
insert into users (user_id, is_active, email, phone_number, password, wallet_id, username, blocked) values (27, true, 'zdiversq@hhs.gov', '7317521368', 'rl5EDTk2Ri@', 27, 'gm2ilnthorpeq', true);
insert into users (user_id, is_active, email, phone_number, password, wallet_id, username, blocked) values (28, true, 'klenardr@psu.edu', '5517187833', 'MbnqftPC2cb@', 28, 'ost2ockhillr', true);
insert into users (user_id, is_active, email, phone_number, password, wallet_id, username, blocked) values (29, true, 'mstreatfields@oakley.com', '2545129050', 'yKKDaas1QX@', 29, 'mt2udbalds', true);
insert into users (user_id, is_active, email, phone_number, password, wallet_id, username, blocked) values (30, true, 'whaddackst@cbsnews.com', '1901892405', 'pvOIW7Daa3@', 30, 'cbia2sinit', true);

insert into cards (card_id, card_number, holder, check_number, exp_date, user_id) values (1, '8748775258646838', 'Pieter Gossop', '846', '2023-08-29 07:24:57', 1);
insert into cards (card_id, card_number, holder, check_number, exp_date, user_id) values (2, '5530078620763239', 'Otes Vye', '097', '2024-08-19 11:54:26', 1);
insert into cards (card_id, card_number, holder, check_number, exp_date, user_id) values (3, '6080013193288294', 'Kennie Jeaves', '602', '2024-07-06 15:23:32', 2);
insert into cards (card_id, card_number, holder, check_number, exp_date, user_id) values (4, '6900890663898692', 'Dillie Parnham', '916', '2022-04-27 07:57:46', 3);
insert into cards (card_id, card_number, holder, check_number, exp_date, user_id) values (5, '7839424078770157', 'Pat McGurgan', '914', '2022-02-09 14:58:45', 3);
insert into cards (card_id, card_number, holder, check_number, exp_date, user_id) values (6, '1878846742404081', 'Clarette Selby', '188', '2024-06-16 05:47:30', 3);
insert into cards (card_id, card_number, holder, check_number, exp_date, user_id) values (7, '3707710431293186', 'Hy Rummer', '683', '2023-10-27 05:22:00', 4);
insert into cards (card_id, card_number, holder, check_number, exp_date, user_id) values (8, '4457957274030267', 'Yetty Huniwall', '097', '2024-07-07 23:30:34', 5);
insert into cards (card_id, card_number, holder, check_number, exp_date, user_id) values (9, '6804748048561794 ', 'Raynor Wasylkiewicz', '533', '2022-02-11 04:44:53', 6);
insert into cards (card_id, card_number, holder, check_number, exp_date, user_id) values (10, '8960399511794381', 'Marji Simioli', '372', '2021-11-28 23:41:05', 7);
insert into cards (card_id, card_number, holder, check_number, exp_date, user_id) values (11, '1735859176035675', 'Holmes Glazier', '504', '2021-03-22 06:27:37', 8);
insert into cards (card_id, card_number, holder, check_number, exp_date, user_id) values (12, '4257313627349733', 'Brew Laird-Craig', '819', '2024-03-07 21:12:58', 9);
insert into cards (card_id, card_number, holder, check_number, exp_date, user_id) values (13, '1011094838575008', 'Ruperto MacGahy', '481', '2021-02-01 01:55:21', 10);
insert into cards (card_id, card_number, holder, check_number, exp_date, user_id) values (14, '8561713169055733', 'Livvy Hellyar', '765', '2023-10-09 22:46:13', 11);
insert into cards (card_id, card_number, holder, check_number, exp_date, user_id) values (15, '3579877465045518', 'Fairfax Astridge', '281', '2023-07-26 15:04:49', 11);
insert into cards (card_id, card_number, holder, check_number, exp_date, user_id) values (16, '4111764651703009', 'Benny Colrein', '212', '2022-08-17 13:17:09', 12);
insert into cards (card_id, card_number, holder, check_number, exp_date, user_id) values (17, '6190704913889795', 'Jemima Barthod', '473', '2023-12-13 01:45:44', 12);
insert into cards (card_id, card_number, holder, check_number, exp_date, user_id) values (18, '6596185894202791', 'Marlo Pharro', '565', '2022-07-16 09:39:35', 13);
insert into cards (card_id, card_number, holder, check_number, exp_date, user_id) values (19, '7995853934477409', 'Hastings Burkitt', '198', '2024-09-27 15:30:27', 14);
insert into cards (card_id, card_number, holder, check_number, exp_date, user_id) values (20, '6349288830508732', 'Elysia Arnout', '371', '2023-08-18 22:23:51', 15);
insert into cards (card_id, card_number, holder, check_number, exp_date, user_id) values (21, '8411734635772179', 'Mureil Kosel', '407', '2022-02-17 16:43:51', 16);
insert into cards (card_id, card_number, holder, check_number, exp_date, user_id) values (22, '3183705871769697', 'Shandra Ritchard', '488', '2023-03-23 04:44:51', 16);
insert into cards (card_id, card_number, holder, check_number, exp_date, user_id) values (23, '1297076129734807', 'Wayne Parley', '450', '2021-04-08 12:25:20', 17);
insert into cards (card_id, card_number, holder, check_number, exp_date, user_id) values (24, '2567781857661155', 'Michel Inglefield', '720', '2021-02-18 16:18:50', 18);
insert into cards (card_id, card_number, holder, check_number, exp_date, user_id) values (25, '5270844395572480', 'Loraine McCaskell', '792', '2022-07-26 16:12:50', 18);
insert into cards (card_id, card_number, holder, check_number, exp_date, user_id) values (26, '6755844150003554', 'Dody Ovenell', '524', '2022-03-29 23:56:16', 19);
insert into cards (card_id, card_number, holder, check_number, exp_date, user_id) values (27, '2954628074894347', 'Agathe Aubert', '465', '2023-10-04 23:30:03', 20);
insert into cards (card_id, card_number, holder, check_number, exp_date, user_id) values (28, '3066335323503643', 'Tadio Corona', '561', '2021-04-21 14:19:44', 21);
insert into cards (card_id, card_number, holder, check_number, exp_date, user_id) values (29, '5590835219600219', 'Ajay Blannin', '120', '2023-04-19 05:54:47', 21);
insert into cards (card_id, card_number, holder, check_number, exp_date, user_id) values (30, '4282069634989763', 'Donelle Aleksich', '549', '2023-03-16 11:03:19', 22);
insert into cards (card_id, card_number, holder, check_number, exp_date, user_id) values (31, '5749587120066028', 'Locke Hepher', '998', '2022-01-29 01:32:19', 22);
insert into cards (card_id, card_number, holder, check_number, exp_date, user_id) values (32, '1230492299195150', 'Milka Bachanski', '684', '2022-03-24 02:13:48', 23);
insert into cards (card_id, card_number, holder, check_number, exp_date, user_id) values (33, '5042066441159012', 'Bary Mahon', '808', '2021-08-25 11:10:25', 24);
insert into cards (card_id, card_number, holder, check_number, exp_date, user_id) values (34, '4449417813071772', 'Lucina Broseman', '837', '2023-04-07 14:42:26', 24);
insert into cards (card_id, card_number, holder, check_number, exp_date, user_id) values (35, '4148557549475127', 'Joaquin Urian', '713', '2022-05-23 17:11:05', 24);
insert into cards (card_id, card_number, holder, check_number, exp_date, user_id) values (36, '0318244197621044', 'Hyacinth Wholesworth', '790', '2022-12-15 04:24:02', 24);
insert into cards (card_id, card_number, holder, check_number, exp_date, user_id) values (37, '7846228406160940', 'Pansy Klauer', '601', '2021-10-30 10:16:13', 25);
insert into cards (card_id, card_number, holder, check_number, exp_date, user_id) values (38, '7207380206688048', 'Flor Lagadu', '805', '2021-05-01 22:26:58', 25);
insert into cards (card_id, card_number, holder, check_number, exp_date, user_id) values (39, '8568007758403476', 'Dill Linley', '095', '2021-03-08 20:09:39', 25);
insert into cards (card_id, card_number, holder, check_number, exp_date, user_id) values (40, '3586986248145739', 'Maria Lettley', '182', '2022-05-06 11:40:56', 26);
insert into cards (card_id, card_number, holder, check_number, exp_date, user_id) values (41, '2308959881704167', 'Cynthea Cottrill', '625', '2023-01-21 13:06:55', 26);
insert into cards (card_id, card_number, holder, check_number, exp_date, user_id) values (42, '0280047314437696', 'Ignaz Garmey', '211', '2023-11-13 07:06:31', 7);
insert into cards (card_id, card_number, holder, check_number, exp_date, user_id) values (43, '6173507054213411', 'Nichole Anfosso', '745', '2021-12-05 04:53:34', 9);
insert into cards (card_id, card_number, holder, check_number, exp_date, user_id) values (44, '1381050950619113', 'Godard Lillo', '333', '2021-10-13 11:34:45', 15);
insert into cards (card_id, card_number, holder, check_number, exp_date, user_id) values (45, '3306313587820688', 'Sidney Kynd', '732', '2021-12-07 00:14:03', 12);
insert into cards (card_id, card_number, holder, check_number, exp_date, user_id) values (46, '6502071702929191', 'Rik McKimmey', '260', '2021-08-01 02:54:42', 12);
insert into cards (card_id, card_number, holder, check_number, exp_date, user_id) values (47, '9641216625680213', 'Ingmar Adderley', '924', '2023-12-02 11:06:43', 17);
insert into cards (card_id, card_number, holder, check_number, exp_date, user_id) values (48, '2387648186975070', 'Barbey Peatman', '277', '2022-04-07 17:17:03', 28);
insert into cards (card_id, card_number, holder, check_number, exp_date, user_id) values (49, '4118073554656524', 'Tawsha Tapply', '041', '2021-05-08 03:50:47', 29);
insert into cards (card_id, card_number, holder, check_number, exp_date, user_id) values (50, '5135558985032955', 'Kriste Tompion', '035', '2023-05-28 12:48:18', 30);

insert into transactions (transaction_id, sender_id, receiver_id, amount, timestamp) values (1, 12, 22, '6.92', '2021-07-31 15:49:47');
insert into transactions (transaction_id, sender_id, receiver_id, amount, timestamp) values (2, 17, 1, '0.46', '2021-02-22 02:31:08');
insert into transactions (transaction_id, sender_id, receiver_id, amount, timestamp) values (3, 30, 10, '4.01', '2020-09-17 01:21:20');
insert into transactions (transaction_id, sender_id, receiver_id, amount, timestamp) values (4, 28, 7, '0.15', '2020-09-27 11:54:31');
insert into transactions (transaction_id, sender_id, receiver_id, amount, timestamp) values (5, 14, 16, '3.54', '2021-09-30 09:43:27');
insert into transactions (transaction_id, sender_id, receiver_id, amount, timestamp) values (6, 4, 29, '4.54', '2021-08-24 11:35:50');
insert into transactions (transaction_id, sender_id, receiver_id, amount, timestamp) values (7, 15, 1, '5.24', '2021-08-14 18:59:54');
insert into transactions (transaction_id, sender_id, receiver_id, amount, timestamp) values (8, 22, 24, '4.10', '2020-09-16 05:00:19');
insert into transactions (transaction_id, sender_id, receiver_id, amount, timestamp) values (9, 29, 2, '1.55', '2021-02-14 02:20:54');
insert into transactions (transaction_id, sender_id, receiver_id, amount, timestamp) values (10, 15, 8, '6.70', '2020-11-15 16:26:16');
insert into transactions (transaction_id, sender_id, receiver_id, amount, timestamp) values (11, 25, 5, '1.05', '2021-06-27 19:17:45');
insert into transactions (transaction_id, sender_id, receiver_id, amount, timestamp) values (12, 19, 28, '6.93', '2021-06-04 21:27:06');
insert into transactions (transaction_id, sender_id, receiver_id, amount, timestamp) values (13, 19, 2, '0.40', '2021-08-25 22:01:18');
insert into transactions (transaction_id, sender_id, receiver_id, amount, timestamp) values (14, 7, 14, '7.51', '2021-02-18 23:38:56');
insert into transactions (transaction_id, sender_id, receiver_id, amount, timestamp) values (15, 28, 24, '6.11', '2020-09-26 14:20:51');
insert into transactions (transaction_id, sender_id, receiver_id, amount, timestamp) values (16, 11, 7, '0.15', '2021-01-18 14:30:21');
insert into transactions (transaction_id, sender_id, receiver_id, amount, timestamp) values (17, 25, 16, '2.94', '2021-04-15 15:00:41');
insert into transactions (transaction_id, sender_id, receiver_id, amount, timestamp) values (18, 1, 4, '0.93', '2020-12-28 05:10:17');
insert into transactions (transaction_id, sender_id, receiver_id, amount, timestamp) values (19, 28, 1, '4.64', '2020-10-12 00:18:37');
insert into transactions (transaction_id, sender_id, receiver_id, amount, timestamp) values (20, 24, 7, '6.79', '2021-06-28 18:22:13');
insert into transactions (transaction_id, sender_id, receiver_id, amount, timestamp) values (21, 10, 26, '9.48', '2021-06-19 23:17:47');
insert into transactions (transaction_id, sender_id, receiver_id, amount, timestamp) values (22, 22, 14, '6.64', '2021-04-01 21:18:17');
insert into transactions (transaction_id, sender_id, receiver_id, amount, timestamp) values (23, 29, 11, '7.40', '2021-02-04 20:56:20');
insert into transactions (transaction_id, sender_id, receiver_id, amount, timestamp) values (24, 23, 4, '5.36', '2020-12-17 23:40:42');
insert into transactions (transaction_id, sender_id, receiver_id, amount, timestamp) values (25, 17, 24, '0.69', '2020-10-30 11:08:20');
insert into transactions (transaction_id, sender_id, receiver_id, amount, timestamp) values (26, 15, 17, '3.02', '2021-08-02 04:41:40');
insert into transactions (transaction_id, sender_id, receiver_id, amount, timestamp) values (27, 2, 5, '3.16', '2021-04-23 15:24:37');
insert into transactions (transaction_id, sender_id, receiver_id, amount, timestamp) values (28, 20, 24, '9.88', '2021-08-10 08:10:27');
insert into transactions (transaction_id, sender_id, receiver_id, amount, timestamp) values (29, 16, 20, '7.08', '2021-06-11 18:10:02');
insert into transactions (transaction_id, sender_id, receiver_id, amount, timestamp) values (30, 26, 14, '7.08', '2020-12-29 02:05:44');
insert into transactions (transaction_id, sender_id, receiver_id, amount, timestamp) values (31, 13, 3, '8.20', '2020-11-09 22:29:51');
insert into transactions (transaction_id, sender_id, receiver_id, amount, timestamp) values (32, 4, 10, '0.61', '2021-05-20 14:46:32');
insert into transactions (transaction_id, sender_id, receiver_id, amount, timestamp) values (33, 9, 10, '4.04', '2021-08-10 14:36:47');
insert into transactions (transaction_id, sender_id, receiver_id, amount, timestamp) values (34, 21, 1, '5.25', '2021-08-15 08:54:20');
insert into transactions (transaction_id, sender_id, receiver_id, amount, timestamp) values (35, 8, 1, '4.48', '2021-05-24 15:57:23');
insert into transactions (transaction_id, sender_id, receiver_id, amount, timestamp) values (36, 19, 17, '7.88', '2021-01-24 05:23:09');
insert into transactions (transaction_id, sender_id, receiver_id, amount, timestamp) values (37, 8, 25, '9.65', '2021-06-02 14:00:43');
insert into transactions (transaction_id, sender_id, receiver_id, amount, timestamp) values (38, 30, 26, '5.36', '2021-05-11 15:44:04');
insert into transactions (transaction_id, sender_id, receiver_id, amount, timestamp) values (39, 11, 16, '0.43', '2021-06-11 09:09:02');
insert into transactions (transaction_id, sender_id, receiver_id, amount, timestamp) values (40, 1, 7, '7.58', '2021-05-28 17:59:06');
insert into transactions (transaction_id, sender_id, receiver_id, amount, timestamp) values (41, 18, 5, '1.88', '2020-12-29 11:35:07');
insert into transactions (transaction_id, sender_id, receiver_id, amount, timestamp) values (42, 23, 7, '8.64', '2021-03-15 18:57:04');
insert into transactions (transaction_id, sender_id, receiver_id, amount, timestamp) values (43, 22, 14, '7.64', '2021-08-14 01:41:24');
insert into transactions (transaction_id, sender_id, receiver_id, amount, timestamp) values (44, 5, 1, '9.09', '2020-10-01 23:29:51');
insert into transactions (transaction_id, sender_id, receiver_id, amount, timestamp) values (45, 23, 3, '4.33', '2020-12-30 01:15:32');
insert into transactions (transaction_id, sender_id, receiver_id, amount, timestamp) values (46, 20, 22, '9.15', '2020-12-30 13:51:52');
insert into transactions (transaction_id, sender_id, receiver_id, amount, timestamp) values (47, 23, 24, '8.27', '2021-04-25 14:07:40');
insert into transactions (transaction_id, sender_id, receiver_id, amount, timestamp) values (48, 25, 23, '9.16', '2021-05-26 22:09:46');
insert into transactions (transaction_id, sender_id, receiver_id, amount, timestamp) values (49, 17, 29, '1.67', '2021-03-13 02:37:58');
insert into transactions (transaction_id, sender_id, receiver_id, amount, timestamp) values (50, 3, 5, '7.88', '2021-02-16 16:59:18');
insert into transactions (transaction_id, sender_id, receiver_id, amount, timestamp) values (51, 1, 9, '9.07', '2021-03-31 17:11:12');
insert into transactions (transaction_id, sender_id, receiver_id, amount, timestamp) values (52, 6, 5, '2.68', '2021-01-29 12:10:01');
insert into transactions (transaction_id, sender_id, receiver_id, amount, timestamp) values (53, 17, 30, '4.21', '2021-04-27 07:21:16');
insert into transactions (transaction_id, sender_id, receiver_id, amount, timestamp) values (54, 17, 28, '1.76', '2021-02-08 09:55:04');
insert into transactions (transaction_id, sender_id, receiver_id, amount, timestamp) values (55, 28, 1, '1.10', '2021-06-18 11:07:49');
insert into transactions (transaction_id, sender_id, receiver_id, amount, timestamp) values (56, 27, 20, '9.32', '2020-11-13 05:23:24');
insert into transactions (transaction_id, sender_id, receiver_id, amount, timestamp) values (57, 10, 8, '1.15', '2021-09-15 05:41:07');
insert into transactions (transaction_id, sender_id, receiver_id, amount, timestamp) values (58, 26, 24, '6.53', '2021-02-07 02:53:38');
insert into transactions (transaction_id, sender_id, receiver_id, amount, timestamp) values (59, 8, 16, '8.09', '2020-10-02 08:30:19');
insert into transactions (transaction_id, sender_id, receiver_id, amount, timestamp) values (60, 8, 5, '1.88', '2021-03-06 10:24:08');
insert into transactions (transaction_id, sender_id, receiver_id, amount, timestamp) values (61, 5, 25, '8.21', '2020-12-26 10:49:27');
insert into transactions (transaction_id, sender_id, receiver_id, amount, timestamp) values (62, 21, 15, '7.47', '2021-02-05 14:18:31');
insert into transactions (transaction_id, sender_id, receiver_id, amount, timestamp) values (63, 13, 24, '1.79', '2020-11-11 20:08:52');
insert into transactions (transaction_id, sender_id, receiver_id, amount, timestamp) values (64, 12, 9, '4.23', '2021-03-29 14:33:48');
insert into transactions (transaction_id, sender_id, receiver_id, amount, timestamp) values (65, 17, 10, '2.80', '2021-09-08 13:11:13');
insert into transactions (transaction_id, sender_id, receiver_id, amount, timestamp) values (66, 16, 24, '5.64', '2021-01-05 22:59:52');
insert into transactions (transaction_id, sender_id, receiver_id, amount, timestamp) values (67, 14, 22, '4.49', '2021-01-26 08:51:56');
insert into transactions (transaction_id, sender_id, receiver_id, amount, timestamp) values (68, 5, 1, '7.81', '2021-04-18 20:49:58');
insert into transactions (transaction_id, sender_id, receiver_id, amount, timestamp) values (69, 25, 28, '8.62', '2021-03-04 22:41:17');
insert into transactions (transaction_id, sender_id, receiver_id, amount, timestamp) values (70, 26, 6, '7.93', '2021-08-15 08:25:33');
insert into transactions (transaction_id, sender_id, receiver_id, amount, timestamp) values (71, 27, 21, '7.32', '2021-08-16 15:32:16');
insert into transactions (transaction_id, sender_id, receiver_id, amount, timestamp) values (72, 11, 3, '2.14', '2021-05-17 13:33:46');
insert into transactions (transaction_id, sender_id, receiver_id, amount, timestamp) values (73, 7, 28, '1.04', '2021-05-23 23:59:07');
insert into transactions (transaction_id, sender_id, receiver_id, amount, timestamp) values (74, 21, 27, '9.22', '2021-04-16 14:12:43');
insert into transactions (transaction_id, sender_id, receiver_id, amount, timestamp) values (75, 1, 19, '1.13', '2020-11-23 12:19:12');
insert into transactions (transaction_id, sender_id, receiver_id, amount, timestamp) values (76, 29, 4, '0.14', '2020-11-27 16:15:00');
insert into transactions (transaction_id, sender_id, receiver_id, amount, timestamp) values (77, 11, 28, '5.07', '2020-11-05 03:52:36');
insert into transactions (transaction_id, sender_id, receiver_id, amount, timestamp) values (78, 26, 9, '7.71', '2021-09-10 13:01:20');
insert into transactions (transaction_id, sender_id, receiver_id, amount, timestamp) values (79, 25, 14, '4.57', '2021-09-15 12:29:00');
insert into transactions (transaction_id, sender_id, receiver_id, amount, timestamp) values (80, 17, 23, '7.72', '2020-10-25 12:08:29');
insert into transactions (transaction_id, sender_id, receiver_id, amount, timestamp) values (81, 22, 17, '5.31', '2021-07-12 09:56:18');
insert into transactions (transaction_id, sender_id, receiver_id, amount, timestamp) values (82, 21, 2, '1.06', '2020-10-11 17:05:17');
insert into transactions (transaction_id, sender_id, receiver_id, amount, timestamp) values (83, 14, 23, '2.26', '2021-05-10 01:24:34');
insert into transactions (transaction_id, sender_id, receiver_id, amount, timestamp) values (84, 25, 1, '1.07', '2021-09-08 14:27:15');
insert into transactions (transaction_id, sender_id, receiver_id, amount, timestamp) values (85, 26, 20, '5.40', '2021-04-05 05:52:56');
insert into transactions (transaction_id, sender_id, receiver_id, amount, timestamp) values (86, 7, 3, '2.61', '2021-04-05 09:31:26');
insert into transactions (transaction_id, sender_id, receiver_id, amount, timestamp) values (87, 9, 18, '8.03', '2021-03-09 13:36:21');
insert into transactions (transaction_id, sender_id, receiver_id, amount, timestamp) values (88, 4, 19, '0.34', '2020-11-15 19:09:49');
insert into transactions (transaction_id, sender_id, receiver_id, amount, timestamp) values (89, 17, 24, '4.05', '2021-09-10 07:33:39');
insert into transactions (transaction_id, sender_id, receiver_id, amount, timestamp) values (90, 7, 6, '4.99', '2021-03-12 22:39:21');
insert into transactions (transaction_id, sender_id, receiver_id, amount, timestamp) values (91, 25, 23, '9.75', '2020-12-06 15:41:47');
insert into transactions (transaction_id, sender_id, receiver_id, amount, timestamp) values (92, 11, 18, '1.68', '2021-02-20 12:24:00');
insert into transactions (transaction_id, sender_id, receiver_id, amount, timestamp) values (93, 15, 22, '7.72', '2021-03-25 18:06:52');
insert into transactions (transaction_id, sender_id, receiver_id, amount, timestamp) values (94, 15, 6, '3.35', '2020-09-29 02:58:58');
insert into transactions (transaction_id, sender_id, receiver_id, amount, timestamp) values (95, 13, 15, '5.25', '2020-10-02 10:49:13');
insert into transactions (transaction_id, sender_id, receiver_id, amount, timestamp) values (96, 21, 10, '1.22', '2021-01-30 02:26:41');
insert into transactions (transaction_id, sender_id, receiver_id, amount, timestamp) values (97, 10, 14, '4.62', '2021-03-03 21:22:41');
insert into transactions (transaction_id, sender_id, receiver_id, amount, timestamp) values (98, 2, 21, '5.33', '2021-03-21 16:38:59');
insert into transactions (transaction_id, sender_id, receiver_id, amount, timestamp) values (99, 29, 15, '4.01', '2021-09-07 07:56:27');
insert into transactions (transaction_id, sender_id, receiver_id, amount, timestamp) values (100, 6, 28, '0.08', '2021-07-19 19:07:19');

insert into users_roles (user_id, role_id) values (1, 1);
insert into users_roles (user_id, role_id) values (2, 1);
insert into users_roles (user_id, role_id) values (3, 1);
insert into users_roles (user_id, role_id) values (3, 2);
insert into users_roles (user_id, role_id) values (4, 1);
insert into users_roles (user_id, role_id) values (5, 1);
insert into users_roles (user_id, role_id) values (6, 1);
insert into users_roles (user_id, role_id) values (7, 1);
insert into users_roles (user_id, role_id) values (8, 1);
insert into users_roles (user_id, role_id) values (9, 1);
insert into users_roles (user_id, role_id) values (10, 1);
insert into users_roles (user_id, role_id) values (11, 1);
insert into users_roles (user_id, role_id) values (12, 1);
insert into users_roles (user_id, role_id) values (13, 1);
insert into users_roles (user_id, role_id) values (14, 1);
insert into users_roles (user_id, role_id) values (15, 1);
insert into users_roles (user_id, role_id) values (16, 1);
insert into users_roles (user_id, role_id) values (17, 1);
insert into users_roles (user_id, role_id) values (18, 1);
insert into users_roles (user_id, role_id) values (19, 1);
insert into users_roles (user_id, role_id) values (20, 1);
insert into users_roles (user_id, role_id) values (21, 1);
insert into users_roles (user_id, role_id) values (22, 1);
insert into users_roles (user_id, role_id) values (23, 1);
insert into users_roles (user_id, role_id) values (24, 1);
insert into users_roles (user_id, role_id) values (25, 1);
insert into users_roles (user_id, role_id) values (26, 1);
insert into users_roles (user_id, role_id) values (27, 1);
insert into users_roles (user_id, role_id) values (28, 1);
insert into users_roles (user_id, role_id) values (29, 1);
insert into users_roles (user_id, role_id) values (30, 1);

insert into users_cards (user_id, card_id) values (1, 1);
insert into users_cards (user_id, card_id) values (1, 2);
insert into users_cards (user_id, card_id) values (2, 3);
insert into users_cards (user_id, card_id) values (3, 4);
insert into users_cards (user_id, card_id) values (3, 5);
insert into users_cards (user_id, card_id) values (3, 6);
insert into users_cards (user_id, card_id) values (4, 7);
insert into users_cards (user_id, card_id) values (5, 8);
insert into users_cards (user_id, card_id) values (6, 9);
insert into users_cards (user_id, card_id) values (7, 10);
insert into users_cards (user_id, card_id) values (8, 11);
insert into users_cards (user_id, card_id) values (9, 12);
insert into users_cards (user_id, card_id) values (10, 13);
insert into users_cards (user_id, card_id) values (11, 14);
insert into users_cards (user_id, card_id) values (11, 15);
insert into users_cards (user_id, card_id) values (12, 16);
insert into users_cards (user_id, card_id) values (12, 17);
insert into users_cards (user_id, card_id) values (13, 18);
insert into users_cards (user_id, card_id) values (14, 19);
insert into users_cards (user_id, card_id) values (15, 20);
insert into users_cards (user_id, card_id) values (16, 21);
insert into users_cards (user_id, card_id) values (16, 22);
insert into users_cards (user_id, card_id) values (17, 23);
insert into users_cards (user_id, card_id) values (18, 24);
insert into users_cards (user_id, card_id) values (18, 25);
insert into users_cards (user_id, card_id) values (19, 26);
insert into users_cards (user_id, card_id) values (20, 27);
insert into users_cards (user_id, card_id) values (21, 28);
insert into users_cards (user_id, card_id) values (21, 29);
insert into users_cards (user_id, card_id) values (22, 30);
insert into users_cards (user_id, card_id) values (22, 31);
insert into users_cards (user_id, card_id) values (23, 32);
insert into users_cards (user_id, card_id) values (24, 33);
insert into users_cards (user_id, card_id) values (24, 34);
insert into users_cards (user_id, card_id) values (24, 35);
insert into users_cards (user_id, card_id) values (24, 36);
insert into users_cards (user_id, card_id) values (25, 37);
insert into users_cards (user_id, card_id) values (25, 38);
insert into users_cards (user_id, card_id) values (25, 39);
insert into users_cards (user_id, card_id) values (26, 40);
insert into users_cards (user_id, card_id) values (26, 41);
insert into users_cards (user_id, card_id) values (7, 42);
insert into users_cards (user_id, card_id) values (9, 43);
insert into users_cards (user_id, card_id) values (15, 44);
insert into users_cards (user_id, card_id) values (12, 45);
insert into users_cards (user_id, card_id) values (12, 46);
insert into users_cards (user_id, card_id) values (17, 47);
insert into users_cards (user_id, card_id) values (28, 48);
insert into users_cards (user_id, card_id) values (29, 49);
insert into users_cards (user_id, card_id) values (30, 50);

insert into transfers (transfer_id, wallet_id, card_id, amount, timestamp) values (1, 17, 14, '1782.14', '2021-04-21 05:11:39');
insert into transfers (transfer_id, wallet_id, card_id, amount, timestamp) values (2, 26, 3, '2837.54', '2021-06-10 11:26:06');
insert into transfers (transfer_id, wallet_id, card_id, amount, timestamp) values (3, 19, 5, '12941.15', '2020-10-27 01:51:53');
insert into transfers (transfer_id, wallet_id, card_id, amount, timestamp) values (4, 25, 3, '16107.46', '2021-06-20 02:52:29');
insert into transfers (transfer_id, wallet_id, card_id, amount, timestamp) values (5, 11, 18, '4170.79', '2020-12-19 11:52:21');
insert into transfers (transfer_id, wallet_id, card_id, amount, timestamp) values (6, 16, 34, '25500.19', '2020-10-10 05:10:29');
insert into transfers (transfer_id, wallet_id, card_id, amount, timestamp) values (7, 13, 44, '21482.27', '2021-08-02 11:45:10');
insert into transfers (transfer_id, wallet_id, card_id, amount, timestamp) values (8, 25, 29, '3229.58', '2020-11-05 04:11:23');
insert into transfers (transfer_id, wallet_id, card_id, amount, timestamp) values (9, 15, 36, '2681.67', '2021-03-06 09:31:59');
insert into transfers (transfer_id, wallet_id, card_id, amount, timestamp) values (10, 15, 22, '16398.30', '2020-10-10 01:04:31');
insert into transfers (transfer_id, wallet_id, card_id, amount, timestamp) values (11, 24, 22, '29221.86', '2021-02-06 12:17:09');
insert into transfers (transfer_id, wallet_id, card_id, amount, timestamp) values (12, 14, 43, '6497.98', '2021-05-30 15:16:59');
insert into transfers (transfer_id, wallet_id, card_id, amount, timestamp) values (13, 27, 14, '701.27', '2020-09-11 09:32:47');
insert into transfers (transfer_id, wallet_id, card_id, amount, timestamp) values (14, 26, 19, '3118.20', '2021-05-31 12:31:36');
insert into transfers (transfer_id, wallet_id, card_id, amount, timestamp) values (15, 12, 28, '14798.30', '2021-09-08 23:23:51');
insert into transfers (transfer_id, wallet_id, card_id, amount, timestamp) values (16, 19, 32, '20215.32', '2021-06-12 06:08:58');
insert into transfers (transfer_id, wallet_id, card_id, amount, timestamp) values (17, 24, 26, '14660.13', '2020-12-10 18:56:03');
insert into transfers (transfer_id, wallet_id, card_id, amount, timestamp) values (18, 13, 46, '8605.85', '2020-09-27 06:42:27');
insert into transfers (transfer_id, wallet_id, card_id, amount, timestamp) values (19, 25, 34, '600.82', '2020-11-20 01:37:01');
insert into transfers (transfer_id, wallet_id, card_id, amount, timestamp) values (20, 6, 9, '26597.72', '2020-11-22 03:12:44');
insert into transfers (transfer_id, wallet_id, card_id, amount, timestamp) values (21, 18, 35, '26852.23', '2021-03-28 20:09:05');
insert into transfers (transfer_id, wallet_id, card_id, amount, timestamp) values (22, 21, 1, '14287.04', '2020-12-05 07:37:32');
insert into transfers (transfer_id, wallet_id, card_id, amount, timestamp) values (23, 2, 12, '22217.73', '2020-10-16 04:35:55');
insert into transfers (transfer_id, wallet_id, card_id, amount, timestamp) values (24, 1, 4, '24739.69', '2021-09-10 21:10:15');
insert into transfers (transfer_id, wallet_id, card_id, amount, timestamp) values (25, 12, 50, '5059.97', '2020-11-10 08:45:03');
insert into transfers (transfer_id, wallet_id, card_id, amount, timestamp) values (26, 2, 18, '15101.39', '2020-11-22 04:05:17');
insert into transfers (transfer_id, wallet_id, card_id, amount, timestamp) values (27, 1, 23, '747.79', '2021-02-12 07:49:34');
insert into transfers (transfer_id, wallet_id, card_id, amount, timestamp) values (28, 16, 15, '28847.98', '2020-11-21 15:27:15');
insert into transfers (transfer_id, wallet_id, card_id, amount, timestamp) values (29, 20, 14, '24608.43', '2020-11-09 01:30:56');
insert into transfers (transfer_id, wallet_id, card_id, amount, timestamp) values (30, 15, 20, '16358.29', '2021-03-31 07:04:13');
insert into transfers (transfer_id, wallet_id, card_id, amount, timestamp) values (31, 19, 9, '9159.97', '2021-04-25 19:59:46');
insert into transfers (transfer_id, wallet_id, card_id, amount, timestamp) values (32, 11, 20, '18961.52', '2020-10-24 06:50:16');
insert into transfers (transfer_id, wallet_id, card_id, amount, timestamp) values (33, 25, 31, '11290.47', '2020-12-27 15:46:33');
insert into transfers (transfer_id, wallet_id, card_id, amount, timestamp) values (34, 2, 37, '3173.70', '2020-12-24 21:48:54');
insert into transfers (transfer_id, wallet_id, card_id, amount, timestamp) values (35, 14, 32, '5727.10', '2021-09-10 13:24:37');
insert into transfers (transfer_id, wallet_id, card_id, amount, timestamp) values (36, 10, 17, '27149.32', '2021-08-12 01:04:38');
insert into transfers (transfer_id, wallet_id, card_id, amount, timestamp) values (37, 29, 31, '2040.28', '2020-10-20 22:43:41');
insert into transfers (transfer_id, wallet_id, card_id, amount, timestamp) values (38, 14, 44, '19885.29', '2020-10-26 00:02:52');
insert into transfers (transfer_id, wallet_id, card_id, amount, timestamp) values (39, 7, 39, '10347.51', '2020-10-31 16:33:31');
insert into transfers (transfer_id, wallet_id, card_id, amount, timestamp) values (40, 14, 8, '10616.61', '2021-03-17 12:02:08');
insert into transfers (transfer_id, wallet_id, card_id, amount, timestamp) values (41, 23, 26, '215.36', '2021-01-11 13:32:26');
insert into transfers (transfer_id, wallet_id, card_id, amount, timestamp) values (42, 17, 11, '21489.32', '2021-04-02 03:02:04');
insert into transfers (transfer_id, wallet_id, card_id, amount, timestamp) values (43, 1, 30, '22859.38', '2021-09-26 20:27:03');
insert into transfers (transfer_id, wallet_id, card_id, amount, timestamp) values (44, 20, 30, '9357.53', '2020-10-14 01:11:52');
insert into transfers (transfer_id, wallet_id, card_id, amount, timestamp) values (45, 9, 34, '20645.00', '2021-04-14 23:30:20');
insert into transfers (transfer_id, wallet_id, card_id, amount, timestamp) values (46, 29, 41, '28772.92', '2021-01-01 15:03:57');
insert into transfers (transfer_id, wallet_id, card_id, amount, timestamp) values (47, 10, 24, '3308.15', '2021-02-07 21:14:14');
insert into transfers (transfer_id, wallet_id, card_id, amount, timestamp) values (48, 27, 5, '26927.27', '2021-07-21 21:33:44');
insert into transfers (transfer_id, wallet_id, card_id, amount, timestamp) values (49, 10, 29, '3145.24', '2021-08-17 07:14:25');
insert into transfers (transfer_id, wallet_id, card_id, amount, timestamp) values (50, 28, 8, '2520.05', '2021-01-30 19:14:26');
insert into transfers (transfer_id, wallet_id, card_id, amount, timestamp) values (51, 3, 30, '29442.74', '2020-09-27 12:27:23');
insert into transfers (transfer_id, wallet_id, card_id, amount, timestamp) values (52, 2, 33, '16622.68', '2021-09-14 11:22:46');
insert into transfers (transfer_id, wallet_id, card_id, amount, timestamp) values (53, 4, 45, '1363.28', '2021-01-28 22:27:03');
insert into transfers (transfer_id, wallet_id, card_id, amount, timestamp) values (54, 14, 7, '13056.84', '2021-09-11 02:34:45');
insert into transfers (transfer_id, wallet_id, card_id, amount, timestamp) values (55, 3, 15, '25874.20', '2021-09-18 17:17:15');
insert into transfers (transfer_id, wallet_id, card_id, amount, timestamp) values (56, 3, 22, '4765.93', '2021-07-03 14:21:10');
insert into transfers (transfer_id, wallet_id, card_id, amount, timestamp) values (57, 13, 8, '6414.09', '2021-08-13 06:59:06');
insert into transfers (transfer_id, wallet_id, card_id, amount, timestamp) values (58, 26, 45, '21663.98', '2021-01-09 03:04:46');
insert into transfers (transfer_id, wallet_id, card_id, amount, timestamp) values (59, 22, 17, '29774.28', '2021-01-08 10:42:10');
insert into transfers (transfer_id, wallet_id, card_id, amount, timestamp) values (60, 5, 16, '6153.91', '2021-03-10 00:23:03');
insert into transfers (transfer_id, wallet_id, card_id, amount, timestamp) values (61, 20, 27, '19255.17', '2021-05-31 18:07:10');
insert into transfers (transfer_id, wallet_id, card_id, amount, timestamp) values (62, 22, 3, '26509.02', '2021-04-07 09:06:47');
insert into transfers (transfer_id, wallet_id, card_id, amount, timestamp) values (63, 8, 48, '16433.37', '2020-10-15 13:29:15');
insert into transfers (transfer_id, wallet_id, card_id, amount, timestamp) values (64, 24, 5, '578.89', '2020-11-15 12:23:54');
insert into transfers (transfer_id, wallet_id, card_id, amount, timestamp) values (65, 8, 34, '19266.86', '2020-12-05 16:53:05');
insert into transfers (transfer_id, wallet_id, card_id, amount, timestamp) values (66, 2, 7, '12806.89', '2020-12-22 16:34:15');
insert into transfers (transfer_id, wallet_id, card_id, amount, timestamp) values (67, 18, 14, '24396.39', '2021-07-09 18:08:18');
insert into transfers (transfer_id, wallet_id, card_id, amount, timestamp) values (68, 2, 3, '29367.84', '2021-01-17 09:57:34');
insert into transfers (transfer_id, wallet_id, card_id, amount, timestamp) values (69, 21, 34, '19890.33', '2021-08-05 16:44:00');
insert into transfers (transfer_id, wallet_id, card_id, amount, timestamp) values (70, 14, 25, '6651.64', '2021-01-05 06:09:55');
insert into transfers (transfer_id, wallet_id, card_id, amount, timestamp) values (71, 18, 32, '7554.91', '2020-11-24 08:04:59');
insert into transfers (transfer_id, wallet_id, card_id, amount, timestamp) values (72, 12, 20, '24963.22', '2020-10-17 16:16:28');
insert into transfers (transfer_id, wallet_id, card_id, amount, timestamp) values (73, 2, 33, '3614.40', '2021-04-04 16:54:47');
insert into transfers (transfer_id, wallet_id, card_id, amount, timestamp) values (74, 20, 29, '21981.49', '2021-09-19 23:57:25');
insert into transfers (transfer_id, wallet_id, card_id, amount, timestamp) values (75, 26, 37, '21293.30', '2021-05-21 10:31:27');
insert into transfers (transfer_id, wallet_id, card_id, amount, timestamp) values (76, 26, 19, '4512.04', '2021-08-25 10:05:13');
insert into transfers (transfer_id, wallet_id, card_id, amount, timestamp) values (77, 9, 31, '20963.84', '2020-10-18 04:31:14');
insert into transfers (transfer_id, wallet_id, card_id, amount, timestamp) values (78, 21, 43, '19629.85', '2021-09-05 11:59:21');
insert into transfers (transfer_id, wallet_id, card_id, amount, timestamp) values (79, 20, 10, '18011.04', '2021-01-20 21:52:41');
insert into transfers (transfer_id, wallet_id, card_id, amount, timestamp) values (80, 19, 44, '2707.51', '2021-04-26 11:00:25');
insert into transfers (transfer_id, wallet_id, card_id, amount, timestamp) values (81, 8, 39, '16174.44', '2020-09-20 05:43:31');
insert into transfers (transfer_id, wallet_id, card_id, amount, timestamp) values (82, 12, 5, '23145.61', '2021-08-15 11:28:31');
insert into transfers (transfer_id, wallet_id, card_id, amount, timestamp) values (83, 30, 5, '19307.99', '2021-07-16 01:56:30');
insert into transfers (transfer_id, wallet_id, card_id, amount, timestamp) values (84, 11, 17, '5366.92', '2021-01-14 18:33:01');
insert into transfers (transfer_id, wallet_id, card_id, amount, timestamp) values (85, 7, 49, '19072.75', '2021-03-04 16:53:37');
insert into transfers (transfer_id, wallet_id, card_id, amount, timestamp) values (86, 15, 9, '14225.29', '2020-10-01 21:56:40');
insert into transfers (transfer_id, wallet_id, card_id, amount, timestamp) values (87, 25, 32, '28029.73', '2021-01-24 00:13:48');
insert into transfers (transfer_id, wallet_id, card_id, amount, timestamp) values (88, 17, 24, '2987.83', '2021-08-20 13:09:55');
insert into transfers (transfer_id, wallet_id, card_id, amount, timestamp) values (89, 25, 12, '5805.68', '2021-04-15 08:11:51');
insert into transfers (transfer_id, wallet_id, card_id, amount, timestamp) values (90, 29, 4, '179.77', '2021-04-08 19:20:47');
insert into transfers (transfer_id, wallet_id, card_id, amount, timestamp) values (91, 19, 46, '9539.42', '2021-05-10 13:32:27');
insert into transfers (transfer_id, wallet_id, card_id, amount, timestamp) values (92, 17, 28, '29485.33', '2021-07-11 16:27:27');
insert into transfers (transfer_id, wallet_id, card_id, amount, timestamp) values (93, 19, 29, '11896.48', '2021-01-24 21:21:35');
insert into transfers (transfer_id, wallet_id, card_id, amount, timestamp) values (94, 29, 17, '17070.06', '2021-02-17 11:25:02');
insert into transfers (transfer_id, wallet_id, card_id, amount, timestamp) values (95, 24, 30, '6185.75', '2021-02-10 13:31:55');
insert into transfers (transfer_id, wallet_id, card_id, amount, timestamp) values (96, 2, 25, '5776.43', '2021-03-24 00:07:59');
insert into transfers (transfer_id, wallet_id, card_id, amount, timestamp) values (97, 12, 40, '6137.09', '2021-07-17 15:59:25');
insert into transfers (transfer_id, wallet_id, card_id, amount, timestamp) values (98, 30, 7, '17982.15', '2021-06-13 20:34:18');
insert into transfers (transfer_id, wallet_id, card_id, amount, timestamp) values (99, 19, 49, '27255.90', '2020-12-30 22:01:10');
insert into transfers (transfer_id, wallet_id, card_id, amount, timestamp) values (100, 18, 49, '1869.73', '2021-07-19 02:17:43');